nid,category,title,writer,dept_nm,regist_dt,taxonomy,telno,cpyrht,url
21309309,환경,"2020년 서울시 도시가스 공급비용 산정용역 결과",김경식,녹색에너지과,20201004114612,"환경>집단에너지>집단에너지 사업 추진현황>도시가스 장단기 공급계획",02-2133-3712,"CC BY-NC-ND",https://opengov.seoul.go.kr/public/21309309
21309310,환경,"2020년 서울지역 도시가스 고객센터 지급수수료 산정용역 결과",김경식,녹색에너지과,20201004000000,"환경>집단에너지>집단에너지 사업 추진현황>도시가스 장단기 공급계획",02-2133-3712,"CC BY-NC-ND",https://opengov.seoul.go.kr/public/21309310
21310061,행정,"20년 3분기 유니버설디자인센터 운영 업무추진비 집행내역(한국유니버설디자인협회)",이효진,인재기획과,20201005170719,"행정ㆍ기타>민간위탁>민간위탁 현황>민간위탁사무 수탁기관 업무추진비 집행내역",3488-2092,"CC BY-ND",https://opengov.seoul.go.kr/public/21310061
21321560,행정,"서울시교통문화교육원 업무추진비(3분기)",이연진,택시물류과,20201006111944,"행정ㆍ기타>민간위탁>민간위탁 현황>민간위탁사무 수탁기관 업무추진비 집행내역",02-2133-2327,"CC BY",https://opengov.seoul.go.kr/public/21321560
21322266,공통업무,"2020년 9월 서울시립대학교 기획처장 업무추진비 공개",김소은,기획과,20201006172300,"공통업무>업무추진비 사용내역>업무추진비 사용내역>시립대학교 총장, 처장의 업무추진비",02-6490-6312,"CC BY-NC-ND",https://opengov.seoul.go.kr/public/21322266
21330879,행정,"2020년 3분기 서울상상나라 운영 업무추진비 집행내역",추인순,보육담당관,20201007074054,"행정ㆍ기타>민간위탁>민간위탁 현황>민간위탁사무 수탁기관 업무추진비 집행내역",02-2133-5113,"CC BY",https://opengov.seoul.go.kr/public/21330879
21330880,행정,"서울시 청년교류공간 2020년 3분기 업무추진비 집행내역 공개 ",김강,청년청,20201007090919,"행정ㆍ기타>민간위탁>민간위탁 현황>민간위탁사무 수탁기관 업무추진비 집행내역",02-2133-4307,"CC BY",https://opengov.seoul.go.kr/public/21330880
21330890,행정,"2020년 3분기 ""글로벌문화체험센터 운영""업무추진비 집행내역(서울관광재단)",박주연,외국인다문화담당관,20201007000000,"행정ㆍ기타>민간위탁>민간위탁 현황>민간위탁사무 수탁기관 업무추진비 집행내역",2133-5080,"CC BY",https://opengov.seoul.go.kr/public/21330890
21330896,행정,"서울먹거리창업센터 업무추진비 공개(20년 2분기)",김동석,도시농업과,20201007140136,"행정ㆍ기타>민간위탁>민간위탁 현황>민간위탁사무 수탁기관 업무추진비 집행내역",02-2133-5434,"CC BY",https://opengov.seoul.go.kr/public/21330896
21330897,행정,"서울먹거리창업센터 업무추진비 공개(20년 1분기)",김동석,도시농업과,20201007140404,"행정ㆍ기타>민간위탁>민간위탁 현황>민간위탁사무 수탁기관 업무추진비 집행내역",02-2133-5434,"CC BY",https://opengov.seoul.go.kr/public/21330897
21330898,행정,"서울먹거리창업센터 업무추진비 공개(20년 3분기)",김동석,도시농업과,20201007140455,"행정ㆍ기타>민간위탁>민간위탁 현황>민간위탁사무 수탁기관 업무추진비 집행내역",02-2133-5434,"CC BY",https://opengov.seoul.go.kr/public/21330898
21330900,행정,"모바일 투표(mVoting) 소개 및 주요 사례",신오균,스마트도시담당관,20201007141424,"행정ㆍ기타>서울시정보화정책>모바일 서비스 운영>엠보팅(mVoting) 시스템 운영",02-2133-2953,"CC BY-ND",https://opengov.seoul.go.kr/public/21330900
21331608,행정,"2020년 2/4분기 ""글로벌문화체험센터 운영""업무추진비 집행내역(서울관광재단)",박주연,외국인다문화담당관,20201007000000,"행정ㆍ기타>민간위탁>민간위탁 현황>민간위탁사무 수탁기관 업무추진비 집행내역",2133-5080,"CC BY",https://opengov.seoul.go.kr/public/21331608
21345619,공통업무,"2020년 9월 서울시립대학교 총장, 행정처장 업무추진비",유미정,총무과,20201008084928,"공통업무>업무추진비 사용내역>업무추진비 사용내역>시립대학교 총장, 처장의 업무추진비",02-6490-6411,"CC BY-NC-ND",https://opengov.seoul.go.kr/public/21345619
21345629,행정,"2020년 9월 유형별 서식민원처리 실적(시본청)",황중섭,시민봉사담당관,20201008091225,"행정ㆍ기타>민원행정서비스>민원처리실적>유형별 민원처리실적",2133-7908,"CC BY-NC-ND",https://opengov.seoul.go.kr/public/21345629
21346517,행정,"  2020년 3분기 청년활력프로그램 운영 업무추진비 집행내역(서울시청년활동지원센터)  ",최수정,청년청,20201008153248,"행정ㆍ기타>민간위탁>민간위탁 현황>민간위탁사무 수탁기관 업무추진비 집행내역",02-2133-4329,"CC BY",https://opengov.seoul.go.kr/public/21346517
21346549,공통업무,"2020년 9월 서울시립대학교 교무처장 업무추진비 사용내역 공개",최선미,"서울시립대학교 교무과",20201008221926,"공통업무>업무추진비 사용내역>업무추진비 사용내역>시립대학교 총장, 처장의 업무추진비",02-6490-6108,"CC BY-NC-ND",https://opengov.seoul.go.kr/public/21346549
21355335,공통업무,"2020년 9월 서울시립대학교 입학처장 업무추진비",김은경,입학관리과,20201009140447,"공통업무>업무추진비 사용내역>업무추진비 사용내역>시립대학교 총장, 처장의 업무추진비",026490-6153,"CC BY-NC-ND",https://opengov.seoul.go.kr/public/21355335
21356919,공통업무,"2020년 9월 서울시립대학교 연구처장 업무추진비 공개",조준형,"서울시립대학교 연구지원과",20201010211332,"공통업무>업무추진비 사용내역>업무추진비 사용내역>시립대학교 총장, 처장의 업무추진비",02-6490-6351,"CC BY-NC-ND",https://opengov.seoul.go.kr/public/21356919
21357464,안전,"2020년 8월 지점별 항목별 수질현황",백현지,물순환정책과,20201012000000,"안전>하천수질관리>한강 수질검사 결과>한강 수질검사 결과",02-2133-3767,"CC BY-ND",https://opengov.seoul.go.kr/public/21357464
21357473,행정,"인베스트서울센터 업무추진비 사용내역(2분기)",탁은숙,투자창업과,20201012105200,"행정ㆍ기타>민간위탁>민간위탁 현황>민간위탁사무 수탁기관 업무추진비 집행내역",2133-4764,"CC BY",https://opengov.seoul.go.kr/public/21357473
21357474,행정,"인베스트서울센터 업무추진비 사용내역(3분기)",탁은숙,투자창업과,20201012110308,"행정ㆍ기타>민간위탁>민간위탁 현황>민간위탁사무 수탁기관 업무추진비 집행내역",2133-4764,"CC BY",https://opengov.seoul.go.kr/public/21357474
21357476,행정,"서울시 협동조합지원센터 2020.3분기 업무추진비 사용내역",성지연,사회적경제담당관,20201012000000,"행정ㆍ기타>민간위탁>민간위탁 현황>민간위탁사무 수탁기관 업무추진비 집행내역",02-2133-5478,"CC BY-ND",https://opengov.seoul.go.kr/public/21357476
21357714,행정,"2020년 2분기 서울생활문화센터 서교 업무추진비 집행내역(홍우주 사회적협동조합)",유승운,문화정책과,20201012164914,"행정ㆍ기타>민간위탁>민간위탁 현황>민간위탁사무 수탁기관 업무추진비 집행내역",2133-2543,"CC BY",https://opengov.seoul.go.kr/public/21357714
21357715,행정,"2020년 3분기 서울생활문화센터 서교 업무추진비 집행내역(홍우주 사회적협동조합)",유승운,문화정책과,20201012165034,"행정ㆍ기타>민간위탁>민간위탁 현황>민간위탁사무 수탁기관 업무추진비 집행내역",2133-2543,"CC BY",https://opengov.seoul.go.kr/public/21357715
21357722,행정,"2020년 2,3분기 성평등활동지원센터 업무추진비 집행내역",이선아,여성정책담당관,20201012210951,"행정ㆍ기타>민간위탁>민간위탁 현황>민간위탁사무 수탁기관 업무추진비 집행내역",02-2133-5023,"CC BY",https://opengov.seoul.go.kr/public/21357722
21357723,행정,"2020년 3분기 시청시민청 업무추진비 집행내역(서울문화재단)",주청,시민소통담당관,20201012211826,"행정ㆍ기타>민간위탁>민간위탁 현황>민간위탁사무 수탁기관 업무추진비 집행내역",02-2133-6418,"CC BY",https://opengov.seoul.go.kr/public/21357723
21357724,행정,"2020년 3분기 삼각산시민청 업무추진비 집행내역(서울문화재단)",주청,시민소통담당관,20201012211946,"행정ㆍ기타>민간위탁>민간위탁 현황>민간위탁사무 수탁기관 업무추진비 집행내역",02-2133-6418,"CC BY",https://opengov.seoul.go.kr/public/21357724
21366683,행정,"2020년 3분기 여성능력개발원 업무추진비 집행 내역",차지연,여성정책담당관,20201013092526,"행정ㆍ기타>민간위탁>민간위탁 현황>민간위탁사무 수탁기관 업무추진비 집행내역",02-2133-5028,"CC BY",https://opengov.seoul.go.kr/public/21366683
21366684,행정,"2020년 2분기 ""서울시 청년허브 운영"" 업무추진비 집행내역",이성민,청년청,20201013000000,"행정ㆍ기타>민간위탁>민간위탁 현황>민간위탁사무 수탁기관 업무추진비 집행내역",02-2133-6591,"CC BY",https://opengov.seoul.go.kr/public/21366684
21366685,행정,"2020년 3분기 ""서울시 청년허브 운영"" 업무추진비 집행내역",이성민,청년청,20201013104713,"행정ㆍ기타>민간위탁>민간위탁 현황>민간위탁사무 수탁기관 업무추진비 집행내역",02-2133-6591,"CC BY",https://opengov.seoul.go.kr/public/21366685
21366687,행정,"2020년 3분기 시립청소년센터 민간위탁 업무추진비 집행내역(강동,화곡) ",권희주,청소년정책과,20201013000000,"행정ㆍ기타>민간위탁>민간위탁 현황>민간위탁사무 수탁기관 업무추진비 집행내역",2133-4124,"CC BY-ND",https://opengov.seoul.go.kr/public/21366687
21367384,행정,"서울이주여성상담센터 업무추진비 공개(20년3분기)",임선희,"여성가족정책실 외국인다문화담당관",20201013000000,"행정ㆍ기타>민간위탁>민간위탁 현황>민간위탁사무 수탁기관 업무추진비 집행내역",02-2133-5078,"CC BY",https://opengov.seoul.go.kr/public/21367384
21367385,공통업무,"아이돌봄담당관 2019년 상품권 구매 내역",이미르,아이돌봄담당관,20201013161349,"공통업무>예산집행 관리>상품권 구매 및 사용내역>상품권 종류, 목적, 수량, 구매액, 지급대상자 등",2133-4805,"CC BY",https://opengov.seoul.go.kr/public/21367385
21367386,공통업무,"여성권익담당관 2019년 상품권 구매내역 ",이선호,여성권익담당관,20201013165042,"공통업무>예산집행 관리>상품권 구매 및 사용내역>상품권 종류, 목적, 수량, 구매액, 지급대상자 등",02-2133-5323,"CC BY",https://opengov.seoul.go.kr/public/21367386
21367388,행정,"서울시 한부모가족지원센터 업무추진비 집행내역(2020.1~3분기)",최문선,가족담당관,20201013185943,"행정ㆍ기타>민간위탁>민간위탁 현황>민간위탁사무 수탁기관 업무추진비 집행내역",02-2133-5163,"CC BY",https://opengov.seoul.go.kr/public/21367388
21375585,공통업무,"상품권 구매 및 사용내역 공개(2019년, 외국인다문화담당관)",임다미,외국인다문화담당관,20201014095304,"공통업무>예산집행 관리>상품권 구매 및 사용내역>상품권 종류, 목적, 수량, 구매액, 지급대상자 등",02-2133-5066,"CC BY-NC-ND",https://opengov.seoul.go.kr/public/21375585
21375586,주택도시계획,"마곡 일반산업단지 산업시설용지 입주 및 분양 공고",정윤정,서남권사업과,20201014100723,"주택ㆍ도시계획>마곡사업>마곡 산업단지 입주계약 및 분양>마곡산업단지분양현황",2133-1527,"CC BY-NC-ND",https://opengov.seoul.go.kr/public/21375586
21375588,행정,"2020년 3분기 장애인복지관 운영 업무추진비 집행내역(서울장애인종합복지관))",안호준,장애인자립지원과,20201014113252,"행정ㆍ기타>민간위탁>민간위탁 현황>민간위탁사무 수탁기관 업무추진비 집행내역",02-2133-7454,"CC BY-NC-ND",https://opengov.seoul.go.kr/public/21375588
21375589,행정,"2020년 3분기 장애인복지관 운영 업무추진비 집행내역(시립뇌성마비복지관)",안호준,장애인자립지원과,20201014113627,"행정ㆍ기타>민간위탁>민간위탁 현황>민간위탁사무 수탁기관 업무추진비 집행내역",02-2133-7454,"CC BY-NC-ND",https://opengov.seoul.go.kr/public/21375589
21375590,행정,"2020년 3분기 장애인복지관 운영 업무추진비 집행내역(시립북부장애인복지관)",안호준,장애인자립지원과,20201014113729,"행정ㆍ기타>민간위탁>민간위탁 현황>민간위탁사무 수탁기관 업무추진비 집행내역",02-2133-7454,"CC BY-NC-ND",https://opengov.seoul.go.kr/public/21375590
21375591,행정,"2020년 3분기 장애인복지관 운영 업무추진비 집행내역(시립서대문농아인복지관)",안호준,장애인자립지원과,20201014113851,"행정ㆍ기타>민간위탁>민간위탁 현황>민간위탁사무 수탁기관 업무추진비 집행내역",02-2133-7454,"CC BY-NC-ND",https://opengov.seoul.go.kr/public/21375591
21375592,행정,"2020년 3분기 장애인복지관 운영 업무추진비 집행내역(시립상이군경복지관)",안호준,장애인자립지원과,20201014113947,"행정ㆍ기타>민간위탁>민간위탁 현황>민간위탁사무 수탁기관 업무추진비 집행내역",02-2133-7454,"CC BY-NC-ND",https://opengov.seoul.go.kr/public/21375592
21375593,행정,"2020년 3분기 장애인복지관 운영 업무추진비 집행내역(시립영등포장애인복지관)",안호준,장애인자립지원과,20201014114050,"행정ㆍ기타>민간위탁>민간위탁 현황>민간위탁사무 수탁기관 업무추진비 집행내역",02-2133-7454,"CC BY-NC-ND",https://opengov.seoul.go.kr/public/21375593
21375594,행정,"2020년 3분기 장애인복지관 운영 업무추진비 집행내역(시립남부장애인종합복지관)",안호준,장애인자립지원과,20201014114141,"행정ㆍ기타>민간위탁>민간위탁 현황>민간위탁사무 수탁기관 업무추진비 집행내역",02-2133-7454,"CC BY-NC-ND",https://opengov.seoul.go.kr/public/21375594
21375595,행정,"2020년 3분기 장애인복지관 운영 업무추진비 집행내역(시립노원시각장애인복지관)",안호준,장애인자립지원과,20201014114230,"행정ㆍ기타>민간위탁>민간위탁 현황>민간위탁사무 수탁기관 업무추진비 집행내역",02-2133-7454,"CC BY-NC-ND",https://opengov.seoul.go.kr/public/21375595
21375596,행정,"2020년 3분기 장애인복지관 운영 업무추진비 집행내역(시립발달장애인복지관)",안호준,장애인자립지원과,20201014114344,"행정ㆍ기타>민간위탁>민간위탁 현황>민간위탁사무 수탁기관 업무추진비 집행내역",02-2133-7454,"CC BY-NC-ND",https://opengov.seoul.go.kr/public/21375596
21376368,행정,"동북권역 마을배움터 업무추진비 내역 공개(2020년 3분기) ",정명옥,지역공동체담당관,20201014143233,"행정ㆍ기타>민간위탁>민간위탁 현황>민간위탁사무 수탁기관 업무추진비 집행내역",02-2133-6344,"CC BY-NC-ND",https://opengov.seoul.go.kr/public/21376368
21376369,행정,"2020년 2분기 AI 양재 허브 운영 업무추진비 집행내역",서수진,거점성장추진단,20201014150054,"행정ㆍ기타>민간위탁>민간위탁 현황>민간위탁사무 수탁기관 업무추진비 집행내역",02-2133-8463,"CC BY-NC-ND",https://opengov.seoul.go.kr/public/21376369
21376370,행정,"2020년 3분기 AI 양재 허브 운영 업무추진비 집행내역",서수진,거점성장추진단,20201014150151,"행정ㆍ기타>민간위탁>민간위탁 현황>민간위탁사무 수탁기관 업무추진비 집행내역",02-2133-8463,"CC BY-NC-ND",https://opengov.seoul.go.kr/public/21376370
21376374,행정,"민간위탁 사무 수탁기관 업무추진비 내역(3분기)",이홍석,지역상생경제과,20201014204526,"행정ㆍ기타>민간위탁>민간위탁 현황>민간위탁사무 수탁기관 업무추진비 집행내역",2133-4462,"CC BY-NC-ND",https://opengov.seoul.go.kr/public/21376374
21384182,행정,"2020년 3분기 ""서울숲 운영 및 관리"" 업무추진비 집행내역(서울그린트러스트) ",김숙경,"동부공원녹지사업소 서울숲공원지원과",20201015073149,"행정ㆍ기타>민간위탁>민간위탁 현황>민간위탁사무 수탁기관 업무추진비 집행내역",02-460-2984,"CC BY",https://opengov.seoul.go.kr/public/21384182
21384183,행정,"2020년 2분기 서울시 감정노동 종사자 권리보호 센터 업무추진비 집행내역(한국비정규노동센터)",김효민,노동정책담당관,20201015000000,"행정ㆍ기타>민간위탁>민간위탁 현황>민간위탁사무 수탁기관 업무추진비 집행내역",02-2133-5425,"CC BY",https://opengov.seoul.go.kr/public/21384183
21384184,행정,"2020년 3분기 서울시 감정노동 종사자 권리보호센터 업무추진비 집행내역(한국비정규노동센터)",김효민,노동정책담당관,20201015000000,"행정ㆍ기타>민간위탁>민간위탁 현황>민간위탁사무 수탁기관 업무추진비 집행내역",02-2133-5425,"CC BY",https://opengov.seoul.go.kr/public/21384184
21384185,행정,"2020년 3분기 ""도시재생지원센터 운영"" 업무추진비 집행내역(""서울특별시 도시재생지원센터"")",오민택,주거재생과,20201015105632,"행정ㆍ기타>민간위탁>민간위탁 현황>민간위탁사무 수탁기관 업무추진비 집행내역",02-2133-7159,"CC BY",https://opengov.seoul.go.kr/public/21384185
21384186,행정,"2020년 3분기 ""저소득층 예술영재 교육""업무추진비 집행내역(건국대학교 산학협력단)",이현숙,문화예술과,20201015105842,"행정ㆍ기타>민간위탁>민간위탁 현황>민간위탁사무 수탁기관 업무추진비 집행내역",02-2133-2625,"CC BY-ND",https://opengov.seoul.go.kr/public/21384186
21384187,행정,"2020년 3분기 ""저소득층 예술영재 교육"" 업무추진비 집행내역(한양대학교 산학협력단) ",이현숙,문화예술과,20201015000000,"행정ㆍ기타>민간위탁>민간위탁 현황>민간위탁사무 수탁기관 업무추진비 집행내역",02-2133-2625,"CC BY-ND",https://opengov.seoul.go.kr/public/21384187
21384188,행정,"2020년 3분기 ""저소득층 음악영재 발굴 및 교육기회 확대""사업 업무추진비 집행내역(숙명여자대학교 산학협력단) ",이현숙,문화예술과,20201015000000,"행정ㆍ기타>민간위탁>민간위탁 현황>민간위탁사무 수탁기관 업무추진비 집행내역",02-2133-2625,"CC BY-ND",https://opengov.seoul.go.kr/public/21384188
21384189,행정,"서울특별시 동부권직장맘지원센터 업무추진비 집행내역(2020년 3분기)",김수현,여성정책담당관,20201015120559,"행정ㆍ기타>민간위탁>민간위탁 현황>민간위탁사무 수탁기관 업무추진비 집행내역",2133-5019,"CC BY-NC-ND",https://opengov.seoul.go.kr/public/21384189
21384190,행정,"서울특별시 서남권직장맘지원센터 업무추진비 집행내역(2020년 3분기)",김수현,여성정책담당관,20201015120905,"행정ㆍ기타>민간위탁>민간위탁 현황>민간위탁사무 수탁기관 업무추진비 집행내역",2133-5019,"CC BY-NC-ND",https://opengov.seoul.go.kr/public/21384190
21384191,행정,"서울특별시 서북권직장맘지원센터 업무추진비 집행내역(2020년 3분기)",김수현,여성정책담당관,20201015121042,"행정ㆍ기타>민간위탁>민간위탁 현황>민간위탁사무 수탁기관 업무추진비 집행내역",2133-5019,"CC BY-NC-ND",https://opengov.seoul.go.kr/public/21384191
21384192,행정,"2020년 2분기 서울노동권익센터 업무추진비 집행내역(한국비정규노동센터)",최은정,노동정책담당관,20201015135600,"행정ㆍ기타>민간위탁>민간위탁 현황>민간위탁사무 수탁기관 업무추진비 집행내역",0221335421,"CC BY",https://opengov.seoul.go.kr/public/21384192
21385035,행정,"2020년도 3분기 서울시생활속민주주의학습지원센터 업무추진비 집행내역 ",김미경,서울민주주의담당관,20201015153016,"행정ㆍ기타>민간위탁>민간위탁 현황>민간위탁사무 수탁기관 업무추진비 집행내역",02-2133-6473,"CC BY-NC-ND",https://opengov.seoul.go.kr/public/21385035
21396933,행정,"민간위탁사무 수탁기관 업무추진비 집행내역(3분기_다시함께상담센터)",오수연,여성권익담당관,20201016103813,"행정ㆍ기타>민간위탁>민간위탁 현황>민간위탁사무 수탁기관 업무추진비 집행내역",2133-5333,"CC BY",https://opengov.seoul.go.kr/public/21396933
21396935,행정,"신림선 도시철도 민간투자사업 최초 실시협약서",김태윤,도시철도계획부,20201016000000,"행정ㆍ기타>민간투자사업>민간투자사업 협약체결>민간투자사업 실시협약서",02-772-7158,"CC BY-NC-ND",https://opengov.seoul.go.kr/public/21396935
21396936,행정,"동북선 도시철도 민간투자사업 최초 실시협약서",김태윤,도시철도계획부,20201016000000,"행정ㆍ기타>민간투자사업>민간투자사업 협약체결>민간투자사업 실시협약서",02-772-7158,"CC BY-NC-ND",https://opengov.seoul.go.kr/public/21396936
21396937,행정,"전자상거래센터 업무추진비 집행내역(2020년 7월~9월)",최은희,공정경제담당관,20201016112529,"행정ㆍ기타>민간위탁>민간위탁 현황>민간위탁사무 수탁기관 업무추진비 집행내역",2133-5372,"CC BY",https://opengov.seoul.go.kr/public/21396937
21397843,행정,"2020년 3분기 여성발전센터(5개소) 업무추진비 집행내역",김소연,여성정책담당관,20201016155926,"행정ㆍ기타>민간위탁>민간위탁 현황>민간위탁사무 수탁기관 업무추진비 집행내역",02-2133-5030,"CC BY-NC-ND",https://opengov.seoul.go.kr/public/21397843
21397844,행정,"2020년 3분기 ""서울 공공한옥 사무민간위탁 운영"" 업무추진비 집행내역",김성찬,한옥건축자산과,20201016171214,"행정ㆍ기타>민간위탁>민간위탁 현황>민간위탁사무 수탁기관 업무추진비 집행내역",02-2133-5580,"CC BY",https://opengov.seoul.go.kr/public/21397844
21397845,행정,"우이신설 도시철도 민간투자사업 최초 실시협약서('09.4.9.)",김유정,도시철도과,20201016173825,"행정ㆍ기타>민간투자사업>민간투자사업 협약체결>민간투자사업 실시협약서",02-2133-4355,"CC BY-NC-ND",https://opengov.seoul.go.kr/public/21397845
21406696,행정,"2020년 3분기 시립서울역쪽방상담소 업무추진비 집행내역(사회복지법인 온누리복지재단)",이우승,자활지원과,20201019000000,"행정ㆍ기타>민간위탁>민간위탁 현황>민간위탁사무 수탁기관 업무추진비 집행내역",2133-7491,"CC BY",https://opengov.seoul.go.kr/public/21406696
21406847,행정,"2020년 3분기 서울여성공예센터 더아리움 업무추진비 집행내역",김소연,여성정책담당관,20201019150958,"행정ㆍ기타>민간위탁>민간위탁 현황>민간위탁사무 수탁기관 업무추진비 집행내역",02-2133-5030,"CC BY-NC-ND",https://opengov.seoul.go.kr/public/21406847
21406848,행정,"민간위탁 사무 수탁기관 업무추진비 공개(3분기)",신채연,아이돌봄담당관,20201019212934,"행정ㆍ기타>민간위탁>민간위탁 현황>민간위탁사무 수탁기관 업무추진비 집행내역",2133-9510,"CC BY-NC-ND",https://opengov.seoul.go.kr/public/21406848
21415983,행정,"2020년 3분기 ""시립홍은동미래형직업재활시설 그린내"" 업무추진비 집행내역(사회복지법인 서울삼성원)",임종수,장애인복지정책과,20201020085439,"행정ㆍ기타>민간위탁>민간위탁 현황>민간위탁사무 수탁기관 업무추진비 집행내역",2133-7468,"CC BY-ND",https://opengov.seoul.go.kr/public/21415983
21415984,행정,"2020년 3분기 ""시립마천동미래형직업재활시설 굿윌스토어"" 업무추진비 집행내역(사회복지법인 밀알복지재단)",임종수,장애인복지정책과,20201020090419,"행정ㆍ기타>민간위탁>민간위탁 현황>민간위탁사무 수탁기관 업무추진비 집행내역",2133-7468,"CC BY-ND",https://opengov.seoul.go.kr/public/21415984
21415985,행정,"""장애인일자리 통합지원센터"" 업무추진비 집행내역(2019.10. ~ 2020.9.)",김상철,장애인복지정책과,20201020094431,"행정ㆍ기타>민간위탁>민간위탁 현황>민간위탁사무 수탁기관 업무추진비 집행내역",2133-7466,"CC BY-ND",https://opengov.seoul.go.kr/public/21415985
21415986,행정,"2020년 3분기 민간위탁 수탁기관 업무추진비 사용내역(서울역일대 거점)",강영호,공공재생과,20201020094558,"행정ㆍ기타>민간위탁>민간위탁 현황>민간위탁사무 수탁기관 업무추진비 집행내역",02-2133-8652,"CC BY-NC-ND",https://opengov.seoul.go.kr/public/21415986
21415987,행정,"2020년 3분기 장애인생산품판매시설 업무추진비 집행내역(한국장애인직업재활시설협회)",정효민,장애인복지정책과,20201020103755,"행정ㆍ기타>민간위탁>민간위탁 현황>민간위탁사무 수탁기관 업무추진비 집행내역",02-2133-7465,"CC BY",https://opengov.seoul.go.kr/public/21415987
21415988,행정,"2020년 3분기 도심권50플러스센터 업무추진비 집행내역",김홍,인생이모작지원과,20201020105313,"행정ㆍ기타>민간위탁>민간위탁 현황>민간위탁사무 수탁기관 업무추진비 집행내역",2133-7800,"CC BY-NC-ND",https://opengov.seoul.go.kr/public/21415988
21415990,행정,"마포 마을활력소 2020년 3분기 업무추진비 집행내역 공개",김현진,지역공동체담당관,20201020142206,"행정ㆍ기타>민간위탁>민간위탁 현황>민간위탁사무 수탁기관 업무추진비 집행내역",02-2133-6346,"CC BY-ND",https://opengov.seoul.go.kr/public/21415990
21416763,행정,"2020년 시립종합사회복지관 업무추진비 집행내역(시립신목종합사회복지관)",고영빈,지역돌봄복지과,20201020160903,"행정ㆍ기타>민간위탁>민간위탁 현황>민간위탁사무 수탁기관 업무추진비 집행내역",02-2133-7388,"CC BY",https://opengov.seoul.go.kr/public/21416763
21416764,행정,"2020년 3분기 서울시 사회적경제 우수기업 육성지원사업 업무추진비(서울사회적경제네트워크)",지정희,사회적경제담당관,20201020000000,"행정ㆍ기타>민간위탁>민간위탁 현황>민간위탁사무 수탁기관 업무추진비 집행내역",02-2133-5497,"CC BY-SA",https://opengov.seoul.go.kr/public/21416764
21416765,행정,"2020년 3분기 민간위탁시설 노들섬 업무추진비 집행내역",박지연,재생정책과,20201020210005,"행정ㆍ기타>민간위탁>민간위탁 현황>민간위탁사무 수탁기관 업무추진비 집행내역",2133-8631,"CC BY",https://opengov.seoul.go.kr/public/21416765
21424387,행정,"2020년 3분기 서울시 청년공간 무중력지대 업무추진비 집행내역(6개소)",이은지,청년청,20201021091620,"행정ㆍ기타>민간위탁>민간위탁 현황>민간위탁사무 수탁기관 업무추진비 집행내역",2133-4311,"CC BY-ND",https://opengov.seoul.go.kr/public/21424387
21425053,행정,"2019년 4분기 ""서울특별시 서남병원 위탁운영"" 업무추진비 집행내역(서울특별시 서남병원)",고하늘,보건의료정책과,20201021000000,"행정ㆍ기타>민간위탁>민간위탁 현황>민간위탁사무 수탁기관 업무추진비 집행내역",2133-7521,"CC BY",https://opengov.seoul.go.kr/public/21425053
21425054,행정,"2020년 1분기 ""서울특별시 서남병원 위탁운영"" 업무추진비 집행내역(서울특별시 서남병원)",고하늘,보건의료정책과,20201021000000,"행정ㆍ기타>민간위탁>민간위탁 현황>민간위탁사무 수탁기관 업무추진비 집행내역",2133-7521,"CC BY",https://opengov.seoul.go.kr/public/21425054
21425055,행정,"2020년 2분기 ""서울특별시 서남병원 위탁운영"" 업무추진비 집행내역(서울특별시 서남병원)",고하늘,보건의료정책과,20201021143848,"행정ㆍ기타>민간위탁>민간위탁 현황>민간위탁사무 수탁기관 업무추진비 집행내역",2133-7521,"CC BY",https://opengov.seoul.go.kr/public/21425055
21425056,행정,"2020년 3분기 ""서울특별시 서남병원 위탁운영"" 업무추진비 집행내역(서울특별시 서남병원)",고하늘,보건의료정책과,20201021144144,"행정ㆍ기타>민간위탁>민간위탁 현황>민간위탁사무 수탁기관 업무추진비 집행내역",2133-7521,"CC BY",https://opengov.seoul.go.kr/public/21425056
21425057,행정,"목동재난체험관 3분기 업무추진비 집행내역",이기승,하천관리과,20201021155049,"행정ㆍ기타>민간위탁>민간위탁 현황>민간위탁사무 수탁기관 업무추진비 집행내역",2133-3897,"CC BY-NC-ND",https://opengov.seoul.go.kr/public/21425057
21435124,행정,"서울제물포터널 민간투자사업 최초 실시협약서",장익겸,도로계획과,20201022000000,"행정ㆍ기타>민간투자사업>민간투자사업 협약체결>민간투자사업 실시협약서",02-2133-8075,"CC BY-NC-ND",https://opengov.seoul.go.kr/public/21435124
21435125,행정,"서부간선지하도로 민간투자사업 최초 실시협약서",장익겸,도로계획과,20201022102837,"행정ㆍ기타>민간투자사업>민간투자사업 협약체결>민간투자사업 실시협약서",02-2133-8075,"CC BY-NC-ND",https://opengov.seoul.go.kr/public/21435125
21435126,행정,"강남순환도로 민간투자사업 실시협약서 일체",장익겸,도로계획과,20201022103022,"행정ㆍ기타>민간투자사업>민간투자사업 협약체결>민간투자사업 실시협약서",02-2133-8075,"CC BY-NC-ND",https://opengov.seoul.go.kr/public/21435126
21435127,행정,"용마터널 민간투자사업 실시협약서 일체",장익겸,도로계획과,20201022111800,"행정ㆍ기타>민간투자사업>민간투자사업 협약체결>민간투자사업 실시협약서",02-2133-8075,"CC BY-NC-ND",https://opengov.seoul.go.kr/public/21435127
21435128,행정,"우면산터널 민간투자사업 실시협약서 일체",장익겸,도로계획과,20201022111859,"행정ㆍ기타>민간투자사업>민간투자사업 협약체결>민간투자사업 실시협약서",02-2133-8075,"CC BY-NC-ND",https://opengov.seoul.go.kr/public/21435128
21436086,행정,"2019년 4분기 서울혁신파크 운영 업무추진비 집행내역(서울혁신센터) ",강영훈,사회혁신담당관,20201022000000,"행정ㆍ기타>민간위탁>민간위탁 현황>민간위탁사무 수탁기관 업무추진비 집행내역",02-2133-6322,"CC BY",https://opengov.seoul.go.kr/public/21436086
21444572,행정,"2020년 3분기 소셜벤처허브센터 업무추진비 집행내역(소셜벤처허브)",지관우,총무과,20201023102358,"행정ㆍ기타>민간위탁>민간위탁 현황>민간위탁사무 수탁기관 업무추진비 집행내역",2133-1604,"CC BY-NC-SA",https://opengov.seoul.go.kr/public/21444572
21444573,행정,"2020년도 3분기 서울혁신파크 운영 업무추진비 집행내역(서울혁신센터)",강영훈,사회혁신담당관,20201023000000,"행정ㆍ기타>민간위탁>민간위탁 현황>민간위탁사무 수탁기관 업무추진비 집행내역",02-2133-6322,"CC BY",https://opengov.seoul.go.kr/public/21444573
21444575,행정,"서울곰두리체육센터 2020년 1사분기 업무추진비 공개",유재경,장애인자립지원과,20201023000000,"행정ㆍ기타>민간위탁>민간위탁 현황>민간위탁사무 수탁기관 업무추진비 집행내역",02-2133-7461,"CC BY",https://opengov.seoul.go.kr/public/21444575
21444576,행정,"서울곰두리체육센터 2020년 2사분기 업무추진비 공개",유재경,장애인자립지원과,20201023000000,"행정ㆍ기타>민간위탁>민간위탁 현황>민간위탁사무 수탁기관 업무추진비 집행내역",02-2133-7461,"CC BY",https://opengov.seoul.go.kr/public/21444576
21444577,행정,"서울곰두리체육센터 2020년 3사분기 업무추진비 공개",유재경,장애인자립지원과,20201023135224,"행정ㆍ기타>민간위탁>민간위탁 현황>민간위탁사무 수탁기관 업무추진비 집행내역",02-2133-7461,"CC BY",https://opengov.seoul.go.kr/public/21444577
21444578,행정,"2020년 3분기 서울 공공한옥 역사가옥 2개소 업무추진비 집행내역(리마크프레스)",박여은,한옥건축자산과,20201023135659,"행정ㆍ기타>민간위탁>민간위탁 현황>민간위탁사무 수탁기관 업무추진비 집행내역",02-2133-5582,"CC BY-NC-ND",https://opengov.seoul.go.kr/public/21444578
21445427,행정,"서울청년센터 금천 오랑 3분기 업무추진비 공개 ",조이경,청년청,20201023150051,"행정ㆍ기타>민간위탁>민간위탁 현황>민간위탁사무 수탁기관 업무추진비 집행내역",02-2133-4310,"CC BY",https://opengov.seoul.go.kr/public/21445427
21445429,행정,"2019년 4분기 ""서울광역자활센터 관리운영"" 업무추진비 집행내역",김세헌,자활지원과,20201023000000,"행정ㆍ기타>민간위탁>민간위탁 현황>민간위탁사무 수탁기관 업무추진비 집행내역",02-2133-7559,"CC BY-NC-ND",https://opengov.seoul.go.kr/public/21445429
21445430,행정,"2020년 1분기 ""서울광역자활센터 관리운영"" 업무추진비 집행내역",김세헌,자활지원과,20201023153919,"행정ㆍ기타>민간위탁>민간위탁 현황>민간위탁사무 수탁기관 업무추진비 집행내역",02-2133-7559,"CC BY-NC-ND",https://opengov.seoul.go.kr/public/21445430
21445431,행정,"2020년 3분기 민간위탁사무 업무추진비 집행 내역(은평청소년센터)",김선미,청소년정책과,20201023000000,"행정ㆍ기타>갈등예방 및 맞춤형갈등조정>갈등예방 및 맞춤형 갈등조정>서울시 갈등관리 매뉴얼",02-2133-4121,"CC BY-NC-ND",https://opengov.seoul.go.kr/public/21445431
21445432,행정,"2020년 2분기 ""서울광역자활센터 관리운영"" 업무추진비 집행내역",김세헌,자활지원과,20201023154011,"행정ㆍ기타>민간위탁>민간위탁 현황>민간위탁사무 수탁기관 업무추진비 집행내역",02-2133-7559,"CC BY-NC-ND",https://opengov.seoul.go.kr/public/21445432
21445433,행정,"2020년 3분기 ""서울광역자활센터 관리운영"" 업무추진비 집행내역",김세헌,자활지원과,20201023154046,"행정ㆍ기타>민간위탁>민간위탁 현황>민간위탁사무 수탁기관 업무추진비 집행내역",02-2133-7559,"CC BY-NC-ND",https://opengov.seoul.go.kr/public/21445433
21445435,행정,"2020년 3분기 민간위탁사무 업무추진비 집행 내역(창동청소년센터)",김선미,청소년정책과,20201023000000,"행정ㆍ기타>갈등예방 및 맞춤형갈등조정>갈등예방 및 맞춤형 갈등조정>서울시 갈등관리 매뉴얼",02-2133-4121,"CC BY-ND",https://opengov.seoul.go.kr/public/21445435
21445436,행정,"2020년 3분기 서울에너지드림센터 운영 업무추진비 집행내역(녹색교육센터, 이젠파트너스)",김보경,환경시민협력과,20201023162105,"행정ㆍ기타>민간위탁>민간위탁 현황>민간위탁사무 수탁기관 업무추진비 집행내역",0221333526,"CC BY",https://opengov.seoul.go.kr/public/21445436
21453930,행정,"2020년 2분기 ""서울미디어랩 구축 및 운영"" 업무추진비 집행 내역(시청자미디어재단)",김은선,문화시설과,20201024172006,"행정ㆍ기타>민간위탁>민간위탁 현황>민간위탁사무 수탁기관 업무추진비 집행내역",02-2133-4230,"CC BY",https://opengov.seoul.go.kr/public/21453930
21453931,행정,"2020년 3분기 ""서울미디어랩 구축 및 운영"" 업무추진비 집행 내역(시청자미디어재단)",김은선,문화시설과,20201024172149,"행정ㆍ기타>민간위탁>민간위탁 현황>민간위탁사무 수탁기관 업무추진비 집행내역",02-2133-4230,"CC BY",https://opengov.seoul.go.kr/public/21453931
21454047,행정,"2020년 3분기 서울생활문화센터 신도림 업무추진비 집행내역(구로문화재단)",유승운,문화정책과,20201025134315,"행정ㆍ기타>민간위탁>민간위탁 현황>민간위탁사무 수탁기관 업무추진비 집행내역",2133-2543,"CC BY",https://opengov.seoul.go.kr/public/21454047
21454526,행정,"2020년3분기 서울은평아동보호전문기관 운영 업무추진비 집행내역(서울은평아동보호전문기관)",김은경,가족담당관,20201026091953,"행정ㆍ기타>갈등예방 및 맞춤형갈등조정>갈등예방 및 맞춤형 갈등조정>서울시 갈등관리 매뉴얼",2133-5183,"CC BY",https://opengov.seoul.go.kr/public/21454526
21454527,행정,"2020년3분기 서울영등포아동보호전문기관 운영 업무추진비 집행내역(서울영등포아동보호전문기관)",김은경,가족담당관,20201026092245,"행정ㆍ기타>갈등예방 및 맞춤형갈등조정>갈등예방 및 맞춤형 갈등조정>서울시 갈등관리 매뉴얼",2133-5183,"CC BY",https://opengov.seoul.go.kr/public/21454527
21454528,행정,"2020년3분기 서울동남권아동보호전문기관 운영 업무추진비 집행내역(서울동남권아동보호전문기관)",김은경,가족담당관,20201026092421,"행정ㆍ기타>갈등예방 및 맞춤형갈등조정>갈등예방 및 맞춤형 갈등조정>서울시 갈등관리 매뉴얼",2133-5183,"CC BY",https://opengov.seoul.go.kr/public/21454528
21454529,행정,"2020년 3분기 서울마포아동보호전문기관 운영 업무추진비 집행내역(서울마포아동보호전문기관)",김은경,가족담당관,20201026092850,"행정ㆍ기타>갈등예방 및 맞춤형갈등조정>갈등예방 및 맞춤형 갈등조정>서울시 갈등관리 매뉴얼",2133-5183,"CC BY",https://opengov.seoul.go.kr/public/21454529
21454530,행정,"2020년3분기 시립아동상담치료센터 운영 업무추진비 집행내역(시립아동상담치료센터)",김은경,가족담당관,20201026093021,"행정ㆍ기타>갈등예방 및 맞춤형갈등조정>갈등예방 및 맞춤형 갈등조정>서울시 갈등관리 매뉴얼",2133-5183,"CC BY",https://opengov.seoul.go.kr/public/21454530
21454531,행정,"2020년 3분기 민간위탁사무 업무추진비 집행내역(노원청소년센터)",김선미,청소년정책과,20201026000000,"행정ㆍ기타>갈등예방 및 맞춤형갈등조정>갈등예방 및 맞춤형 갈등조정>서울시 갈등관리 매뉴얼",02-2133-4121,"CC BY-ND",https://opengov.seoul.go.kr/public/21454531
21454533,행정,"2019년 4분기 도심권50플러스센터 업무추진비 집행내역",김홍,인생이모작지원과,20201026111915,"행정ㆍ기타>민간위탁>민간위탁 현황>민간위탁사무 수탁기관 업무추진비 집행내역",2133-7800,"CC BY-NC-ND",https://opengov.seoul.go.kr/public/21454533
21454535,행정,"2020년 3분기 민간위탁사무 업무추진비 집행내역 (수서청소년센터)",김선미,청소년정책과,20201026000000,"행정ㆍ기타>갈등예방 및 맞춤형갈등조정>갈등예방 및 맞춤형 갈등조정>서울시 갈등관리 매뉴얼",02-2133-4121,"CC BY-ND",https://opengov.seoul.go.kr/public/21454535
21454666,행정,"서울시 마을종합지원센터 업무추진비 내역(2020.3분기) 공개 ",기훈,지역공동체담당관,20201026154733,"행정ㆍ기타>민간위탁>민간위탁 현황>민간위탁사무 수탁기관 업무추진비 집행내역",02-2133-6340,"CC BY",https://opengov.seoul.go.kr/public/21454666
21454667,행정,"2019년 4분기 ""서울시동북보조기기센터"" 업무추진비 집행내역((사)한국뇌성마비복지회)",고성호,장애인복지정책과,20201026160913,"행정ㆍ기타>민간위탁>민간위탁 현황>민간위탁사무 수탁기관 업무추진비 집행내역",02-2133-7364,"CC BY",https://opengov.seoul.go.kr/public/21454667
21454668,행정,"2020년 1분기 ""서울시동북보조기기센터"" 업무추진비 집행내역((사)한국뇌성마비복지회)",고성호,장애인복지정책과,20201026161143,"행정ㆍ기타>민간위탁>민간위탁 현황>민간위탁사무 수탁기관 업무추진비 집행내역",02-2133-7364,"CC BY",https://opengov.seoul.go.kr/public/21454668
21454669,행정,"2020년 2분기 ""서울시동북보조기기센터"" 업무추진비 집행내역((사)한국뇌성마비복지회)",고성호,장애인복지정책과,20201026161244,"행정ㆍ기타>민간위탁>민간위탁 현황>민간위탁사무 수탁기관 업무추진비 집행내역",02-2133-7365,"CC BY",https://opengov.seoul.go.kr/public/21454669
21454670,행정,"2020년 3분기 ""서울시동북보조기기센터"" 업무추진비 집행내역((사)한국뇌성마비복지회)",고성호,장애인복지정책과,20201026161349,"행정ㆍ기타>민간위탁>민간위탁 현황>민간위탁사무 수탁기관 업무추진비 집행내역",02-2133-7365,"CC BY",https://opengov.seoul.go.kr/public/21454670
21454671,행정,"2019년 4분기 ""서울시서북보조기기센터"" 업무추진비 집행내역((재)푸르메)",고성호,장애인복지정책과,20201026161553,"행정ㆍ기타>민간위탁>민간위탁 현황>민간위탁사무 수탁기관 업무추진비 집행내역",02-2133-7365,"CC BY",https://opengov.seoul.go.kr/public/21454671
21454672,행정,"2020년 1분기 ""서울시서북보조기기센터"" 업무추진비 집행내역((재)푸르메)",고성호,장애인복지정책과,20201026161654,"행정ㆍ기타>민간위탁>민간위탁 현황>민간위탁사무 수탁기관 업무추진비 집행내역",02-2133-7365,"CC BY",https://opengov.seoul.go.kr/public/21454672
21454673,행정,"2020년 2분기 ""서울시서북보조기기센터"" 업무추진비 집행내역((재)푸르메)",고성호,장애인복지정책과,20201026161747,"행정ㆍ기타>민간위탁>민간위탁 현황>민간위탁사무 수탁기관 업무추진비 집행내역",02-2133-7365,"CC BY",https://opengov.seoul.go.kr/public/21454673
21454674,행정,"2020년 3분기 ""서울시서북보조기기센터"" 업무추진비 집행내역((재)푸르메)",고성호,장애인복지정책과,20201026161839,"행정ㆍ기타>민간위탁>민간위탁 현황>민간위탁사무 수탁기관 업무추진비 집행내역",02-2133-7365,"CC BY",https://opengov.seoul.go.kr/public/21454674
21454675,행정,"2019년 4분기 ""서울시동남보조기기센터"" 업무추진비 집행내역((재)푸르메)",고성호,장애인복지정책과,20201026162038,"행정ㆍ기타>민간위탁>민간위탁 현황>민간위탁사무 수탁기관 업무추진비 집행내역",02-2133-7365,"CC BY",https://opengov.seoul.go.kr/public/21454675
21454676,행정,"2020년 1분기 ""서울시동남보조기기센터"" 업무추진비 집행내역((재)푸르메)",고성호,장애인복지정책과,20201026162153,"행정ㆍ기타>민간위탁>민간위탁 현황>민간위탁사무 수탁기관 업무추진비 집행내역",02-2133-7365,"CC BY",https://opengov.seoul.go.kr/public/21454676
21454677,행정,"2020년 2분기 ""서울시동남보조기기센터"" 업무추진비 집행내역((재)푸르메)",고성호,장애인복지정책과,20201026162259,"행정ㆍ기타>민간위탁>민간위탁 현황>민간위탁사무 수탁기관 업무추진비 집행내역",02-2133-7365,"CC BY",https://opengov.seoul.go.kr/public/21454677
21454678,행정,"2020년 3분기 ""서울시동남보조기기센터"" 업무추진비 집행내역((재)푸르메)",고성호,장애인복지정책과,20201026162345,"행정ㆍ기타>민간위탁>민간위탁 현황>민간위탁사무 수탁기관 업무추진비 집행내역",02-2133-7365,"CC BY",https://opengov.seoul.go.kr/public/21454678
21454679,행정,"2019년 4분기 ""서울시서남보조기기센터"" 업무추진비 집행내역((사)한국뇌성마비복지회)",고성호,장애인복지정책과,20201026162809,"행정ㆍ기타>민간위탁>민간위탁 현황>민간위탁사무 수탁기관 업무추진비 집행내역",02-2133-7365,"CC BY",https://opengov.seoul.go.kr/public/21454679
21454680,행정,"2020년 1분기 ""서울시서남보조기기센터"" 업무추진비 집행내역((사)한국뇌성마비복지회)",고성호,장애인복지정책과,20201026162952,"행정ㆍ기타>민간위탁>민간위탁 현황>민간위탁사무 수탁기관 업무추진비 집행내역",02-2133-7365,"CC BY",https://opengov.seoul.go.kr/public/21454680
21454681,행정,"2020년 2분기 ""서울시서남보조기기센터"" 업무추진비 집행내역((사)한국뇌성마비복지회)",고성호,장애인복지정책과,20201026163052,"행정ㆍ기타>민간위탁>민간위탁 현황>민간위탁사무 수탁기관 업무추진비 집행내역",02-2133-7365,"CC BY",https://opengov.seoul.go.kr/public/21454681
21454682,행정,"2020년 3분기 ""서울시서남보조기기센터"" 업무추진비 집행내역((사)한국뇌성마비복지회)",고성호,장애인복지정책과,20201026163217,"행정ㆍ기타>민간위탁>민간위탁 현황>민간위탁사무 수탁기관 업무추진비 집행내역",02-2133-7365,"CC BY",https://opengov.seoul.go.kr/public/21454682
21454683,행정,"2020년 1,2,3분기 시립서울청소년센터 업무추진비 집행내역(한국청소년육성회)",정세웅,청소년정책과,20201026163940,"행정ㆍ기타>민간위탁>민간위탁 현황>민간위탁사무 수탁기관 업무추진비 집행내역",02-2133-4123,"CC BY",https://opengov.seoul.go.kr/public/21454683
21454684,행정,"2020년 3분기 인재개발원 직장어린이집 운영 업무추진비 집행내역(인재개발원 쑥쑥어린이집)",김우람,인재기획과,20201026164825,"행정ㆍ기타>민간위탁>민간위탁 현황>민간위탁사무 수탁기관 업무추진비 집행내역",02-3488-2032,"CC BY-NC-ND",https://opengov.seoul.go.kr/public/21454684
21454685,행정,"2020년 1,2,3분기 시립마포청소년센터 업무추진비 집행내역(명지학원)",정세웅,청소년정책과,20201026165155,"행정ㆍ기타>민간위탁>민간위탁 현황>민간위탁사무 수탁기관 업무추진비 집행내역",02-2133-4123,"CC BY",https://opengov.seoul.go.kr/public/21454685
21454686,행정,"2020년 1,2,3분기 시립중랑청소년센터 업무추진비 집행내역(한국청소년연맹)",정세웅,청소년정책과,20201026165423,"행정ㆍ기타>민간위탁>민간위탁 현황>민간위탁사무 수탁기관 업무추진비 집행내역",02-2133-4123,"CC BY",https://opengov.seoul.go.kr/public/21454686
21454687,행정,"2020년 3분기 시립광진청소년센터 업무추진비 집행내역(흥사단)",정세웅,청소년정책과,20201026165609,"행정ㆍ기타>민간위탁>민간위탁 현황>민간위탁사무 수탁기관 업무추진비 집행내역",02-2133-4123,"CC BY",https://opengov.seoul.go.kr/public/21454687
21454688,행정,"2020년 2분기 서울시 사회적경제지원센터 업무추진비 집행내역",이두영,사회적경제담당관,20201026170006,"행정ㆍ기타>민간위탁>민간위탁 현황>민간위탁사무 수탁기관 업무추진비 집행내역",2133-5484,"CC BY",https://opengov.seoul.go.kr/public/21454688
21454689,행정,"2020년 1,2,3분기 시립망우청소년센터 업무추진비 집행내역(서울기독교청년회유지재단)",정세웅,청소년정책과,20201026170102,"행정ㆍ기타>민간위탁>민간위탁 현황>민간위탁사무 수탁기관 업무추진비 집행내역",02-2133-4123,"CC BY",https://opengov.seoul.go.kr/public/21454689
21454690,행정,"2020년 3분기 서울시 사회적경제지원센터 업무추진비 집행내역",이두영,사회적경제담당관,20201026170126,"행정ㆍ기타>민간위탁>민간위탁 현황>민간위탁사무 수탁기관 업무추진비 집행내역",2133-5484,"CC BY",https://opengov.seoul.go.kr/public/21454690
21454691,행정," 2020년 3분기 서울로 7017 운영관리 민간위탁 업무추진비 집행내역(서울로걷다 사단법인시민자치센터 분사무소)",장호정,공원녹지정책과,20201026174245,"행정ㆍ기타>민간위탁>민간위탁 현황>민간위탁사무 수탁기관 업무추진비 집행내역",2133-4481,"CC BY-NC-ND",https://opengov.seoul.go.kr/public/21454691
21454692,행정,"2020년 1-3 분기 업무추진비 집행내역(노인보호전문기관)",성기원,어르신복지과,20201026000000,"행정ㆍ기타>민간위탁>민간위탁 현황>민간위탁사무 수탁기관 업무추진비 집행내역",2133-7413,"CC BY",https://opengov.seoul.go.kr/public/21454692
21454693,행정,"시립강동노인종합복지관 업무추진비 공개(2020.1-3분기)",정연순,인생이모작지원과,20201026193544,"행정ㆍ기타>민간위탁>민간위탁 현황>민간위탁사무 수탁기관 업무추진비 집행내역",2133-7799,"CC BY-NC-ND",https://opengov.seoul.go.kr/public/21454693
21454694,행정,"시립강북노인종합복지관 업무추진비 공개(2020.1-3분기)",정연순,인생이모작지원과,20201026193837,"행정ㆍ기타>민간위탁>민간위탁 현황>민간위탁사무 수탁기관 업무추진비 집행내역",2133-7799,"CC BY-NC-ND",https://opengov.seoul.go.kr/public/21454694
21454695,행정,"시립강서노인종합복지관 업무추진비 공개(2020.1-3분기)",정연순,인생이모작지원과,20201026194049,"행정ㆍ기타>민간위탁>민간위탁 현황>민간위탁사무 수탁기관 업무추진비 집행내역",2133-7799,"CC BY-NC-ND",https://opengov.seoul.go.kr/public/21454695
21454696,행정,"시립관악노인종합복지관 업무추진비 공개(2020.1-3분기)",정연순,인생이모작지원과,20201026194241,"행정ㆍ기타>민간위탁>민간위탁 현황>민간위탁사무 수탁기관 업무추진비 집행내역",2133-7799,"CC BY-NC-ND",https://opengov.seoul.go.kr/public/21454696
21454697,행정,"2019년 4분기 ""서울글로벌창업센터 운영"" 업무추진비 집행내역(""(주)엔피프틴"")",최서현,투자창업과,20201026195015,"행정ㆍ기타>민간위탁>민간위탁 현황>민간위탁사무 수탁기관 업무추진비 집행내역",02-2133-4886,"CC BY-NC-ND",https://opengov.seoul.go.kr/public/21454697
21454698,행정,"시립광진노인종합복지관 업무추진비 공개(2020.1-3분기)",정연순,인생이모작지원과,20201026195419,"행정ㆍ기타>민간위탁>민간위탁 현황>민간위탁사무 수탁기관 업무추진비 집행내역",2133-7799,"CC BY-NC-ND",https://opengov.seoul.go.kr/public/21454698
21454699,행정,"시립구로노인종합복지관 업무추진비 공개(2020.1-3분기)",정연순,인생이모작지원과,20201026195609,"행정ㆍ기타>민간위탁>민간위탁 현황>민간위탁사무 수탁기관 업무추진비 집행내역",2133-7799,"CC BY-NC-ND",https://opengov.seoul.go.kr/public/21454699
21454700,행정,"시립금천노인종합복지관 업무추진비 공개(2020.1-3분기)",정연순,인생이모작지원과,20201026195759,"행정ㆍ기타>민간위탁>민간위탁 현황>민간위탁사무 수탁기관 업무추진비 집행내역",2133-7799,"CC BY-NC-ND",https://opengov.seoul.go.kr/public/21454700
21454701,행정,"시립노원노인종합복지관 업무추진비 공개(2020.1-3분기)",정연순,인생이모작지원과,20201026195935,"행정ㆍ기타>민간위탁>민간위탁 현황>민간위탁사무 수탁기관 업무추진비 집행내역",2133-7799,"CC BY-NC-ND",https://opengov.seoul.go.kr/public/21454701
21454702,행정,"서울시 NPO지원센터 2020년 3분기 업무추진비 내역 ",이병국,서울협치담당관,20201026200131,"행정ㆍ기타>민간위탁>민간위탁 현황>민간위탁사무 수탁기관 업무추진비 집행내역",2133-6561,"CC BY",https://opengov.seoul.go.kr/public/21454702
21454703,행정,"시립도봉노인종합복지관 업무추진비 공개(2020.1-3분기)",정연순,인생이모작지원과,20201026200839,"행정ㆍ기타>민간위탁>민간위탁 현황>민간위탁사무 수탁기관 업무추진비 집행내역",2133-7799,"CC BY-NC-ND",https://opengov.seoul.go.kr/public/21454703
21454704,행정,"시립동대문노인종합복지관 업무추진비 공개(2020.1-3분기)",정연순,인생이모작지원과,20201026201255,"행정ㆍ기타>민간위탁>민간위탁 현황>민간위탁사무 수탁기관 업무추진비 집행내역",2133-7799,"CC BY-NC-ND",https://opengov.seoul.go.kr/public/21454704
21454705,행정,"시립동작노인종합복지관 업무추진비 공개(2020.1-3분기)",정연순,인생이모작지원과,20201026201612,"행정ㆍ기타>민간위탁>민간위탁 현황>민간위탁사무 수탁기관 업무추진비 집행내역",2133-7799,"CC BY-NC-ND",https://opengov.seoul.go.kr/public/21454705
21454706,행정,"시립마포노인종합복지관 업무추진비 공개(2020.1-3분기)",정연순,인생이모작지원과,20201026201824,"행정ㆍ기타>민간위탁>민간위탁 현황>민간위탁사무 수탁기관 업무추진비 집행내역",2133-7799,"CC BY-NC-ND",https://opengov.seoul.go.kr/public/21454706
21454707,행정,"시립서대문노인종합복지관 업무추진비 공개(2020.1-3분기)",정연순,인생이모작지원과,20201026202000,"행정ㆍ기타>민간위탁>민간위탁 현황>민간위탁사무 수탁기관 업무추진비 집행내역",2133-7799,"CC BY-NC-ND",https://opengov.seoul.go.kr/public/21454707
21454708,행정,"시립서울노인복지센터 업무추진비 공개(2020.1-3분기)",정연순,인생이모작지원과,20201026202138,"행정ㆍ기타>민간위탁>민간위탁 현황>민간위탁사무 수탁기관 업무추진비 집행내역",2133-7799,"CC BY-NC-ND",https://opengov.seoul.go.kr/public/21454708
21454709,행정,"시립성동노인종합복지관 업무추진비 공개(2020.1-3분기)",정연순,인생이모작지원과,20201026202402,"행정ㆍ기타>민간위탁>민간위탁 현황>민간위탁사무 수탁기관 업무추진비 집행내역",2133-7799,"CC BY-NC-ND",https://opengov.seoul.go.kr/public/21454709
21454710,행정,"시립성북노인종합복지관 업무추진비 공개(2020.1-3분기)",정연순,인생이모작지원과,20201026202611,"행정ㆍ기타>민간위탁>민간위탁 현황>민간위탁사무 수탁기관 업무추진비 집행내역",2133-7799,"CC BY-NC-ND",https://opengov.seoul.go.kr/public/21454710
21454711,행정,"시립용산노인종합복지관 업무추진비 공개(2020.1-3분기)",정연순,인생이모작지원과,20201026203314,"행정ㆍ기타>민간위탁>민간위탁 현황>민간위탁사무 수탁기관 업무추진비 집행내역",2133-7799,"CC BY-NC-ND",https://opengov.seoul.go.kr/public/21454711
21454712,행정,"시립은평노인종합복지관 업무추진비 공개(2020.1-3분기)",정연순,인생이모작지원과,20201026000000,"행정ㆍ기타>민간위탁>민간위탁 현황>민간위탁사무 수탁기관 업무추진비 집행내역",2133-7799,"CC BY-NC-ND",https://opengov.seoul.go.kr/public/21454712
21454713,행정,"시립중랑노인종합복지관 업무추진비 공개(2020.1-3분기)",정연순,인생이모작지원과,20201026204125,"행정ㆍ기타>민간위탁>민간위탁 현황>민간위탁사무 수탁기관 업무추진비 집행내역",2133-7799,"CC BY-NC-ND",https://opengov.seoul.go.kr/public/21454713
21463653,행정," 2020년 3분기 “서울풍물시장 활성화” 업무추진비 집행내역(“백상기업(주)”)  ",박은별,소상공인정책담당관,20201027082005,"행정ㆍ기타>민간위탁>민간위탁 현황>민간위탁사무 수탁기관 업무추진비 집행내역",02-2133-5549,"CC BY",https://opengov.seoul.go.kr/public/21463653
21463654,행정," 2020년 1분기 “서울풍물시장 활성화” 업무추진비 집행내역(“백상기업(주)”)  ",박은별,소상공인정책담당관,20201027082150,"행정ㆍ기타>민간위탁>민간위탁 현황>민간위탁사무 수탁기관 업무추진비 집행내역",02-2133-5549,"CC BY",https://opengov.seoul.go.kr/public/21463654
21463655,행정,"2020년 1분기 전태일기념관 운영 업무추진비 집행내역(전태일기념관)",홍영철,노동정책담당관,20201027103645,"행정ㆍ기타>민간위탁>민간위탁 현황>민간위탁 종합성과평가 결과",2133-5426,"CC BY",https://opengov.seoul.go.kr/public/21463655
21463656,행정,"2020년 2분기 전태일기념관 운영 업무추진비 집행내역(전태일기념관)",홍영철,노동정책담당관,20201027103827,"행정ㆍ기타>민간위탁>민간위탁 현황>민간위탁사무 수탁기관 업무추진비 집행내역",2133-5426,"CC BY",https://opengov.seoul.go.kr/public/21463656
21463657,행정,"2020년 3분기 전태일기념관 운영 업무추진비 집행내역(전태일기념관)",홍영철,노동정책담당관,20201027104152,"행정ㆍ기타>민간위탁>민간위탁 현황>민간위탁사무 수탁기관 업무추진비 집행내역",2133-5426,"CC BY",https://opengov.seoul.go.kr/public/21463657
21463658,행정,"2020년 3분기 수락양로원 업무추진비 공개",김재율,어르신복지과,20201027105209,"행정ㆍ기타>민간위탁>민간위탁 현황>민간위탁사무 수탁기관 업무추진비 집행내역",2133-7416,"CC BY",https://opengov.seoul.go.kr/public/21463658
21463659,행정,"2019년 4분기 서울특별시 인재개발원 직장어린이집 운영 민간위탁 업무추진비 사용내역",김우람,인재기획과,20201027105933,"행정ㆍ기타>민간위탁>민간위탁 현황>민간위탁사무 수탁기관 업무추진비 집행내역",02-3488-2032,"CC BY-NC-ND",https://opengov.seoul.go.kr/public/21463659
21463660,행정,"2020년 3분기 고덕양로원 업무추진비 공개",김재율,어르신복지과,20201027110022,"행정ㆍ기타>민간위탁>민간위탁 현황>민간위탁사무 수탁기관 업무추진비 집행내역",2133-7416,"CC BY",https://opengov.seoul.go.kr/public/21463660
21463661,행정,"2020년 1~4분기 서울음악창작지원센터 업무추진비 집행내역((사)한국음악레이블산업협회)",남경우,경제정책과,20201027000000,"행정ㆍ기타>민간위탁>민간위탁 현황>민간위탁사무 수탁기관 업무추진비 집행내역",2133-5238,"CC BY-ND",https://opengov.seoul.go.kr/public/21463661
21463662,행정,"2019년 4분기 시립청소년센터 민간위탁 업무추진비 집행내역(구로, 동대문, 목동, 문래)",권희주,청소년정책과,20201027000000,"행정ㆍ기타>민간위탁>민간위탁 현황>민간위탁사무 수탁기관 업무추진비 집행내역",2133-4124,"CC BY",https://opengov.seoul.go.kr/public/21463662
21463663,행정,"2020년 1~3분기 ""서울창업카페 운영"" 업무추진비 집행내역",임문상,투자창업과,20201027115103,"행정ㆍ기타>민간위탁>민간위탁 현황>민간위탁사무 수탁기관 업무추진비 집행내역",02-2133-4883,"CC BY",https://opengov.seoul.go.kr/public/21463663
21463664,행정,"2019년 4분기 ""서울둘레길 운영사무"" 업무추진비 집행내역(""한국등산트레킹지원센터)",곽문수,자연생태과,20201027125926,"행정ㆍ기타>민간위탁>민간위탁 현황>민간위탁사무 수탁기관 업무추진비 집행내역",2133-2159,"CC BY",https://opengov.seoul.go.kr/public/21463664
21463665,행정,"2019년 4분기 '서울음악창작지원센터 운영' 업무추진비 집행내역((사)한국음악레이블산업협회)",남경우,경제정책과,20201027132719,"행정ㆍ기타>민간위탁>민간위탁 현황>민간위탁사무 수탁기관 업무추진비 집행내역",2133-5238,"CC BY-ND",https://opengov.seoul.go.kr/public/21463665
21463667,행정,"민간위탁 사무 수탁기관 1분기 업무추진비(청소년문화교류센터)",황미연,청소년정책과,20201027134604,"행정ㆍ기타>민간위탁>민간위탁 현황>민간위탁사무 수탁기관 업무추진비 집행내역",02-2133-41115,"CC BY",https://opengov.seoul.go.kr/public/21463667
21463668,행정,"민간위탁 사무 수탁기관 2분기 업무추진비(청소년문화교류센터)",황미연,청소년정책과,20201027134833,"행정ㆍ기타>민간위탁>민간위탁 현황>민간위탁사무 수탁기관 업무추진비 집행내역",02-2133-41115,"CC BY",https://opengov.seoul.go.kr/public/21463668
21463669,행정,"2019년 4/4분기 ""글로벌문화체험센터 운영""업무추진비 집행내역(서울관광재단)",박주연,외국인다문화담당관,20201027000000,"행정ㆍ기타>민간위탁>민간위탁 현황>민간위탁사무 수탁기관 업무추진비 집행내역",2133-5080,"CC BY",https://opengov.seoul.go.kr/public/21463669
21463670,행정,"민간위탁 사무 수탁기관 3분기 업무추진비(청소년문화교류센터)",황미연,청소년정책과,20201027134939,"행정ㆍ기타>민간위탁>민간위탁 현황>민간위탁사무 수탁기관 업무추진비 집행내역",02-2133-41115,"CC BY",https://opengov.seoul.go.kr/public/21463670
21463671,행정,"2019년 4분기 '서울새활용플라자 시설관리 및 운영' 업무추진비 집행내역[(재)서울디자인재단]",천미영,자원순환과,20201027140615,"행정ㆍ기타>민간위탁>민간위탁 현황>민간위탁사무 수탁기관 업무추진비 집행내역",02-2133-3696,"CC BY-NC-ND",https://opengov.seoul.go.kr/public/21463671
21463672,행정,"2020년1분기~3분기 '서울새활용플라자 시설관리 및 운영' 업무추진비 집행내역[(재)서울디자인재단]",천미영,자원순환과,20201027000000,"행정ㆍ기타>민간위탁>민간위탁 현황>민간위탁사무 수탁기관 업무추진비 집행내역",02-2133-3696,"CC BY-NC-ND",https://opengov.seoul.go.kr/public/21463672
21463673,행정,"2020년 3분기 시립청소년센터 민간위탁 업무추진비 집행내역(강북,구로,동대문,목동,문래)",권희주,청소년정책과,20201027000000,"행정ㆍ기타>민간위탁>민간위탁 현황>민간위탁사무 수탁기관 업무추진비 집행내역",2133-4124,"CC BY",https://opengov.seoul.go.kr/public/21463673
21464410,행정,"'19년 4분기~'20년 3분기 “위탁사무명”업무추진비 집행내역(서울시 건강가정지원센터)",박지혜,가족담당관,20201027145215,"행정ㆍ기타>민간위탁>민간위탁 현황>민간위탁사무 수탁기관 업무추진비 집행내역",2133-5172,"CC BY-ND",https://opengov.seoul.go.kr/public/21464410
21464411,행정,"2020년 2-3분기 서울직장성희롱성폭력예방센터 업무추진비 집행내역(서울직장성희롱성폭력예방센터)",오부자,여성권익담당관,20201027151724,"행정ㆍ기타>민간위탁>민간위탁 현황>민간위탁사무 수탁기관 업무추진비 집행내역",02-2133-5322,"CC BY-ND",https://opengov.seoul.go.kr/public/21464411
21464412,행정,"2020년 1분기 ""시립다시서기종합지원센터"" 업무추진비 집행내역(""(재)대한성공회유지재단"")",이진산,자활지원과,20201027153354,"행정ㆍ기타>민간위탁>민간위탁 현황>민간위탁사무 수탁기관 업무추진비 집행내역",02-2133-7484,"CC BY",https://opengov.seoul.go.kr/public/21464412
21464413,행정,"2020년 2분기 ""시립다시서기종합지원센터"" 업무추진비 집행내역(""(재)대한성공회유지재단"")",이진산,자활지원과,20201027153500,"행정ㆍ기타>민간위탁>민간위탁 현황>민간위탁사무 수탁기관 업무추진비 집행내역",02-2133-7484,"CC BY",https://opengov.seoul.go.kr/public/21464413
21464414,행정,"2020년 3분기 ""시립다시서기종합지원센터"" 업무추진비 집행내역(""(재)대한성공회유지재단"")",이진산,자활지원과,20201027153609,"행정ㆍ기타>민간위탁>민간위탁 현황>민간위탁사무 수탁기관 업무추진비 집행내역",02-2133-7484,"CC BY",https://opengov.seoul.go.kr/public/21464414
21464415,행정,"2020년 1분기 ""시립영등포보현종합지원센터"" 업무추진비 집행내역(""(사복)대한불교조계종사회복지재단"")",이진산,자활지원과,20201027153829,"행정ㆍ기타>민간위탁>민간위탁 현황>민간위탁사무 수탁기관 업무추진비 집행내역",02-2133-7484,"CC BY",https://opengov.seoul.go.kr/public/21464415
21464416,행정,"2020년 2분기 ""시립영등포보현종합지원센터"" 업무추진비 집행내역(""(사복)대한불교조계종사회복지재단"")",이진산,자활지원과,20201027154007,"행정ㆍ기타>민간위탁>민간위탁 현황>민간위탁사무 수탁기관 업무추진비 집행내역",02-2133-7484,"CC BY",https://opengov.seoul.go.kr/public/21464416
21464417,행정,"2020년 3분기 ""시립영등포보현종합지원센터"" 업무추진비 집행내역(""(사복)대한불교조계종사회복지재단"")",이진산,자활지원과,20201027154135,"행정ㆍ기타>민간위탁>민간위탁 현황>민간위탁사무 수탁기관 업무추진비 집행내역",02-2133-7484,"CC BY",https://opengov.seoul.go.kr/public/21464417
21464418,행정,"2020년 1~3분기 ""시 육아종합지원센터 운영"" 업무추진비 집행내역(""숙명여자대학교"")",권선애,보육담당관,20201027154606,"행정ㆍ기타>민간위탁>민간위탁 현황>민간위탁사무 수탁기관 업무추진비 집행내역",02-2133-5093,"CC BY-NC-ND",https://opengov.seoul.go.kr/public/21464418
21464419,행정,"2020년 3분기 서울청년센터 동대문오랑 업무추진비 집행 내역",강지윤,청년청,20201027000000,"행정ㆍ기타>민간위탁>민간위탁 현황>민간위탁사무 수탁기관 업무추진비 집행내역",02-2133-4322,"CC BY",https://opengov.seoul.go.kr/public/21464419
21464420,행정,"2020년 3분기 ""청년월세지원상담센터"" 업무추진비 집행내역 ",박경옥,주택정책과,20201027164151,"행정ㆍ기타>민간위탁>민간위탁 현황>민간위탁사무 수탁기관 업무추진비 집행내역",2133-7703,"CC BY-NC-ND",https://opengov.seoul.go.kr/public/21464420
21464421,행정,"2020년 2분기 서울글로벌센터 운영 업무추진비 집행 내역(밀알복지재단)",윤지용,외국인다문화담당관,20201027170953,"행정ㆍ기타>민간위탁>민간위탁 현황>민간위탁사무 수탁기관 업무추진비 집행내역",02-2133-5064,"CC BY",https://opengov.seoul.go.kr/public/21464421
21464422,행정,"2020년 3분기 서울글로벌센터 운영 업무추진비 집행 내역(밀알복지재단)",윤지용,외국인다문화담당관,20201027171201,"행정ㆍ기타>민간위탁>민간위탁 현황>민간위탁사무 수탁기관 업무추진비 집행내역",02-2133-5064,"CC BY",https://opengov.seoul.go.kr/public/21464422
21464423,행정,"2020년 2분기 서울시립청소년활동진흥센터 업무추진비 집행내역",김수진,청소년정책과,20201027175249,"행정ㆍ기타>민간위탁>민간위탁 현황>민간위탁사무 수탁기관 업무추진비 집행내역",2133-4113,"CC BY",https://opengov.seoul.go.kr/public/21464423
21464424,행정,"2020년 3분기 서울시립청소년활동진흥센터 업무추진비 집행내역",김수진,청소년정책과,20201027175402,"행정ㆍ기타>민간위탁>민간위탁 현황>민간위탁사무 수탁기관 업무추진비 집행내역",2133-4113,"CC BY",https://opengov.seoul.go.kr/public/21464424
21464425,행정,"2020년 2분기 서울시립청소년미디어센터 업무추진비 집행내역",김수진,청소년정책과,20201027175531,"행정ㆍ기타>민간위탁>민간위탁 현황>민간위탁사무 수탁기관 업무추진비 집행내역",2133-4113,"CC BY",https://opengov.seoul.go.kr/public/21464425
21464426,행정,"2020년 3분기 ""마포디자인출판지원센터"" 업무추진비 집행내역(""(주)윤디자인그룹"") ",박성미,도시제조업거점반,20201027175609,"행정ㆍ기타>민간위탁>민간위탁 현황>민간위탁사무 수탁기관 업무추진비 집행내역",02-2133-8765,"CC BY-NC-ND",https://opengov.seoul.go.kr/public/21464426
21464427,행정,"2020년 3분기 서울시학교밖청소년지원센터 운영 업무추진비 집행내역(서울시학교밖청소년지원센터)",최경진,청소년정책과,20201027193836,"행정ㆍ기타>민간위탁>민간위탁 현황>민간위탁사무 수탁기관 업무추진비 집행내역",2133-4129,"CC BY-NC-ND",https://opengov.seoul.go.kr/public/21464427
21464428,행정,"2020년 3분기 서울시청소년상담복지센터 운영 업무추진비 집행내역(서울시청소년상담복지센터)",최경진,청소년정책과,20201027194326,"행정ㆍ기타>민간위탁>민간위탁 현황>민간위탁사무 수탁기관 업무추진비 집행내역",2133-4129,"CC BY-NC-ND",https://opengov.seoul.go.kr/public/21464428
21472107,행정," 2019년 4분기 “서울풍물시장 활성화” 업무추진비 집행내역(“백상기업(주)”)  ",박은별,소상공인정책담당관,20201028133003,"행정ㆍ기타>민간위탁>민간위탁 현황>민간위탁사무 수탁기관 업무추진비 집행내역",02-2133-5549,"CC BY",https://opengov.seoul.go.kr/public/21472107
21472108,행정," 2019년 4분기 서울시 청년공간 무중력지대 업무추진비 집행내역(6개소)  ",이은지,청년청,20201028133759,"행정ㆍ기타>민간위탁>민간위탁 현황>민간위탁사무 수탁기관 업무추진비 집행내역",2133-4311,"CC BY-ND",https://opengov.seoul.go.kr/public/21472108
21472109,행정,"2020년 1~3분기 외국인노동자센터 업무추진비 집행내역(강동 외국인노동자센터)",이성수,외국인다문화담당관,20201028135456,"행정ㆍ기타>민간위탁>민간위탁 현황>민간위탁사무 수탁기관 업무추진비 집행내역",2133-5071,"CC BY",https://opengov.seoul.go.kr/public/21472109
21472110,행정,"2020년 1~3분기 ""서울시 장애인권익옹호기관 운영"" 업무추진비 집행내역(서울시 장애인권익옹호기관)",김현숙,장애인복지정책과,20201028135633,"행정ㆍ기타>갈등예방 및 맞춤형갈등조정>갈등예방 및 맞춤형 갈등조정>서울시 갈등관리 매뉴얼",02-2133-7363,"CC BY-NC-ND",https://opengov.seoul.go.kr/public/21472110
21472111,행정,"2019년 4분기 아토피천식교육정보센터 업무추진비 집행내역(서울의료원)",김자영,감염병관리과,20201028135839,"행정ㆍ기타>민간위탁>민간위탁 현황>민간위탁사무 수탁기관 업무추진비 집행내역",2133-7671,"CC BY",https://opengov.seoul.go.kr/public/21472111
21472112,행정,"2019년 4분기, 2020년 1~3분기 외국인노동자센터 업무추진비 집행내역(성북 외국인노동자센터)",이성수,외국인다문화담당관,20201028000000,"행정ㆍ기타>민간위탁>민간위탁 현황>민간위탁사무 수탁기관 업무추진비 집행내역",2133-5071,"CC BY",https://opengov.seoul.go.kr/public/21472112
21472113,행정,"2020년 2분기 아토피천식교육정보센터 업무추진비 집행내역(한국천식알레르기협회)",김자영,감염병관리과,20201028140031,"행정ㆍ기타>민간위탁>민간위탁 현황>민간위탁사무 수탁기관 업무추진비 집행내역",2133-7671,"CC BY",https://opengov.seoul.go.kr/public/21472113
21472114,행정,"2020년 3분기 아토피천식교육정보센터 업무추진비 집행내역(한국천식알레르기협회)",김자영,감염병관리과,20201028140133,"행정ㆍ기타>민간위탁>민간위탁 현황>민간위탁사무 수탁기관 업무추진비 집행내역",2133-7671,"CC BY",https://opengov.seoul.go.kr/public/21472114
21472115,행정,"2020년 1분기 외국인노동자센터 업무추진비 집행내역(양천 외국인노동자센터)",이성수,외국인다문화담당관,20201028140359,"행정ㆍ기타>민간위탁>민간위탁 현황>민간위탁사무 수탁기관 업무추진비 집행내역",2133-5071,"CC BY",https://opengov.seoul.go.kr/public/21472115
21472116,행정,"2019년 4분기 외국인노동자센터 업무추진비 집행내역(성동 외국인노동자센터)",이성수,외국인다문화담당관,20201028141150,"행정ㆍ기타>민간위탁>민간위탁 현황>민간위탁사무 수탁기관 업무추진비 집행내역",2133-5071,"CC BY",https://opengov.seoul.go.kr/public/21472116
21472117,행정,"2019년 4분기, 2020년 1~2분기 외국인노동자센터 업무추진비 집행내역(금천 외국인노동자센터) ",이성수,외국인다문화담당관,20201028141823,"행정ㆍ기타>민간위탁>민간위탁 현황>민간위탁사무 수탁기관 업무추진비 집행내역",2133-5071,"CC BY",https://opengov.seoul.go.kr/public/21472117
21472822,행정,"2019년 서울이주여성상담센터 업무추진비 공개(4분기)",임선희,"여성가족정책실 외국인다문화담당관",20201028150243,"행정ㆍ기타>민간위탁>민간위탁 현황>민간위탁사무 수탁기관 업무추진비 집행내역",02-2133-5078,"CC BY",https://opengov.seoul.go.kr/public/21472822
21472823,행정,"2020년 서울이주여성상담센터 업무추진비 공개(1분기)",임선희,"여성가족정책실 외국인다문화담당관",20201028150808,"행정ㆍ기타>민간위탁>민간위탁 현황>민간위탁사무 수탁기관 업무추진비 집행내역",02-2133-5078,"CC BY",https://opengov.seoul.go.kr/public/21472823
21472824,행정,"2020년 서울이주여성상담센터 업무추진비 공개(2분기)",임선희,"여성가족정책실 외국인다문화담당관",20201028150955,"행정ㆍ기타>민간위탁>민간위탁 현황>민간위탁사무 수탁기관 업무추진비 집행내역",02-2133-5078,"CC BY",https://opengov.seoul.go.kr/public/21472824
21472826,행정,"민간위탁기관(서울핀테크랩) 업무추진비 집행내역(20.2분기)",민우경,경제정책과,20201028162536,"행정ㆍ기타>민간위탁>민간위탁 현황>민간위탁사무 수탁기관 업무추진비 집행내역",02-2133-5241,"CC BY-NC-ND",https://opengov.seoul.go.kr/public/21472826
21472827,행정,"민간위탁기관(서울핀테크랩) 업무추진비 집행내역(20.3분기)",민우경,경제정책과,20201028162818,"행정ㆍ기타>민간위탁>민간위탁 현황>민간위탁사무 수탁기관 업무추진비 집행내역",02-2133-5241,"CC BY-NC-ND",https://opengov.seoul.go.kr/public/21472827
21472829,행정,"2019년 4분기 ""남산골한옥마을 및 남산국악당 운영"" 업무추진비 집행내역((주)쥬스컴퍼니)",차미래,역사문화재과,20201028174957,"행정ㆍ기타>민간위탁>민간위탁 현황>민간위탁사무 수탁기관 업무추진비 집행내역",02-2133-2645,"CC BY",https://opengov.seoul.go.kr/public/21472829
21472830,행정,"2020년 3분기 ""남산골한옥마을 및 남산국악당 운영"" 업무추진비 집행내역((주)쥬스컴퍼니)",차미래,역사문화재과,20201028175344,"행정ㆍ기타>민간위탁>민간위탁 현황>민간위탁사무 수탁기관 업무추진비 집행내역",02-2133-2645,"CC BY",https://opengov.seoul.go.kr/public/21472830
21480617,행정,"2020년 1~3분기 서울시남부기술교육원운영 업무추진비 집행내역(제주대학교 산학협력단)",김지희,일자리정책과,20201029083221,"행정ㆍ기타>민간위탁>민간위탁 현황>민간위탁사무 수탁기관 업무추진비 집행내역",02-2133-5463,"CC BY",https://opengov.seoul.go.kr/public/21480617
21480620,행정,"2020년 3분기 서울노동권익센터 업무추진비 집행내역(한국비정규노동센터)",최은정,노동정책담당관,20201029000000,"행정ㆍ기타>민간위탁>민간위탁 현황>민간위탁사무 수탁기관 업무추진비 집행내역",0221335421,"CC BY",https://opengov.seoul.go.kr/public/21480620
21481407,행정,"2020년 3분기 민간위탁사무 업무추진비 집행내역(성북청소년센터)",김선미,청소년정책과,20201029000000,"행정ㆍ기타>갈등예방 및 맞춤형갈등조정>갈등예방 및 맞춤형 갈등조정>서울시 갈등관리 매뉴얼",02-2133-4121,"CC BY-ND",https://opengov.seoul.go.kr/public/21481407
21481408,행정,"2019년 4분기 및 2020년 1~3분기 '시립단기거주시설 운영' 업무추진비 집행내역(시립중랑장애인단기거주시설 다운누리)",유민주,장애인복지정책과,20201029151127,"행정ㆍ기타>민간위탁>민간위탁 현황>민간위탁사무 수탁기관 업무추진비 집행내역",02-2133-7948,"CC BY-NC-ND",https://opengov.seoul.go.kr/public/21481408
21481409,행정,"2019년 4분기 및 2020년 1~3분기 '시립단기거주시설 운영' 업무추진비 집행내역(시립서대문장애인단기거주시설 다솜센터)",유민주,장애인복지정책과,20201029151409,"행정ㆍ기타>민간위탁>민간위탁 현황>민간위탁사무 수탁기관 업무추진비 집행내역",02-2133-7948,"CC BY-NC-ND",https://opengov.seoul.go.kr/public/21481409
21481410,행정,"2019년 4분기 및 2020년 1~3분기 '시립단기거주시설 운영' 업무추진비 집행내역(행복플러스 장애인단기거주시설)",유민주,장애인복지정책과,20201029151841,"행정ㆍ기타>민간위탁>민간위탁 현황>민간위탁사무 수탁기관 업무추진비 집행내역",02-2133-7948,"CC BY-NC-ND",https://opengov.seoul.go.kr/public/21481410
21481411,행정,"2020년 1분기~3분기 강북인터넷중독예방상담센터 업무추진비내역",선지현,청소년정책과,20201029161006,"행정ㆍ기타>민간위탁>민간위탁 현황>민간위탁사무 수탁기관 업무추진비 집행내역",0221334130,"CC BY",https://opengov.seoul.go.kr/public/21481411
21481412,행정,"2020년 1분기~3분기 강서인터넷중독예방상담센터 업무추진비 집행내역",선지현,청소년정책과,20201029000000,"행정ㆍ기타>민간위탁>민간위탁 현황>민간위탁사무 수탁기관 업무추진비 집행내역",0221334130,"CC BY",https://opengov.seoul.go.kr/public/21481412
21481413,행정,"2020년 1분기~3분기 광진인터넷중독예방상담센터 업무추진비내역",선지현,청소년정책과,20201029000000,"행정ㆍ기타>민간위탁>민간위탁 현황>민간위탁사무 수탁기관 업무추진비 집행내역",0221334130,"CC BY",https://opengov.seoul.go.kr/public/21481413
21481414,행정,"2020년 1분기~3분기 마포인터넷중독예방상담센터 업무추진비 집행내역",선지현,청소년정책과,20201029000000,"행정ㆍ기타>민간위탁>민간위탁 현황>민간위탁사무 수탁기관 업무추진비 집행내역",0221334130,"CC BY",https://opengov.seoul.go.kr/public/21481414
21481415,행정,"2020년 1분기~3분기 보라매인터넷중독예방상담센터 업무추진비 집행내역",선지현,청소년정책과,20201029000000,"행정ㆍ기타>민간위탁>민간위탁 현황>민간위탁사무 수탁기관 업무추진비 집행내역",0221334130,"CC BY",https://opengov.seoul.go.kr/public/21481415
21481416,행정,"2020년 1분기~3분기 창동인터넷중독예방상담센터 업무추진비 집행내역",선지현,청소년정책과,20201029000000,"행정ㆍ기타>민간위탁>민간위탁 현황>민간위탁사무 수탁기관 업무추진비 집행내역",0221334130,"CC BY",https://opengov.seoul.go.kr/public/21481416
21481417,행정,"2020년 1분기~3분기 아하청소년성문화센터 업무추진비내역",선지현,청소년정책과,20201029162028,"행정ㆍ기타>민간위탁>민간위탁 현황>민간위탁사무 수탁기관 업무추진비 집행내역",0221334130,"CC BY",https://opengov.seoul.go.kr/public/21481417
21481418,행정,"2020년 1분기~3분기 중랑청소년성문화센터 업무추진비내역",선지현,청소년정책과,20201029162234,"행정ㆍ기타>민간위탁>민간위탁 현황>민간위탁사무 수탁기관 업무추진비 집행내역",0221334130,"CC BY",https://opengov.seoul.go.kr/public/21481418
21481419,행정,"2020년 1분기~3분기 창동청소년성문화센터 업무추진비내역",선지현,청소년정책과,20201029162341,"행정ㆍ기타>민간위탁>민간위탁 현황>민간위탁사무 수탁기관 업무추진비 집행내역",0221334130,"CC BY",https://opengov.seoul.go.kr/public/21481419
21481420,행정,"서울블록체인지원센터 업무추진비 집행내역(오픈놀)",김문연,투자창업과,20201029184048,"행정ㆍ기타>민간위탁>민간위탁 현황>민간위탁사무 수탁기관 업무추진비 집행내역",02-2133-4885,"CC BY",https://opengov.seoul.go.kr/public/21481420
21493462,행정,"2020년 3분기 금천청소년센터 업무추진비 집행내역(푸른나무재단)",김은진,청소년정책과,20201030141903,"행정ㆍ기타>민간위탁>민간위탁 현황>민간위탁사무 수탁기관 업무추진비 집행내역",02-2133-4122,"CC BY-ND",https://opengov.seoul.go.kr/public/21493462
21493463,행정,"2020년 3분기 보라매청소년센터 업무추진비 집행내역(재, 서울가톨릭청소년회)",김은진,청소년정책과,20201030142351,"행정ㆍ기타>민간위탁>민간위탁 현황>민간위탁사무 수탁기관 업무추진비 집행내역",02-2133-4122,"CC BY-ND",https://opengov.seoul.go.kr/public/21493463
21493464,행정,"2020년 3분기 서대문청소년센터 업무추진비 집행내역(사, 한국청소년재단)",김은진,청소년정책과,20201030142520,"행정ㆍ기타>민간위탁>민간위탁 현황>민간위탁사무 수탁기관 업무추진비 집행내역",02-2133-4122,"CC BY-ND",https://opengov.seoul.go.kr/public/21493464
21493466,행정,"2020년 3분기 청소년직업체험센터 업무추진비 집행내역(학, 연세대학교)",김은진,청소년정책과,20201030143114,"행정ㆍ기타>민간위탁>민간위탁 현황>민간위탁사무 수탁기관 업무추진비 집행내역",02-2133-4122,"CC BY-ND",https://opengov.seoul.go.kr/public/21493466
21493467,행정,"2020년 3분기 노원직업체험센터 업무추진비 집행내역(학, 광운대학교)",김은진,청소년정책과,20201030143259,"행정ㆍ기타>민간위탁>민간위탁 현황>민간위탁사무 수탁기관 업무추진비 집행내역",02-2133-4122,"CC BY-ND",https://opengov.seoul.go.kr/public/21493467
21493468,행정,"2020년 3분기 은평청소년미래진로센터 업무추진비 집행내역(사, 한국스카우트연맹)",김은진,청소년정책과,20201030143436,"행정ㆍ기타>민간위탁>민간위탁 현황>민간위탁사무 수탁기관 업무추진비 집행내역",02-2133-4122,"CC BY-ND",https://opengov.seoul.go.kr/public/21493468
21494134,행정,"2020년 3분기 서울생활문화센터 체부(기분좋은큐엑스) 업무추진비 집행내역",김민우,문화정책과,20201030171307,"행정ㆍ기타>민간위탁>민간위탁 현황>민간위탁사무 수탁기관 업무추진비 집행내역",02-2133-2542,"CC BY-NC-ND",https://opengov.seoul.go.kr/public/21494134
21494135,행정,"2020년 2분기 서울생활문화센터 체부(기분좋은큐엑스) 업무추진비 집행내역",김민우,문화정책과,20201030171448,"행정ㆍ기타>민간위탁>민간위탁 현황>민간위탁사무 수탁기관 업무추진비 집행내역",02-2133-2542,"CC BY-NC-ND",https://opengov.seoul.go.kr/public/21494135
21494136,행정,"2020년 1분기 서울생활문화센터 체부(기분좋은큐엑스) 업무추진비 집행내역",김민우,문화정책과,20201030171546,"행정ㆍ기타>민간위탁>민간위탁 현황>민간위탁사무 수탁기관 업무추진비 집행내역",02-2133-2542,"CC BY-NC-ND",https://opengov.seoul.go.kr/public/21494136
21494137,행정,"2019년 4분기 서울생활문화센터 체부(기분좋은큐엑스) 업무추진비 집행내역",김민우,문화정책과,20201030171650,"행정ㆍ기타>민간위탁>민간위탁 현황>민간위탁사무 수탁기관 업무추진비 집행내역",02-2133-2542,"CC BY-NC-ND",https://opengov.seoul.go.kr/public/21494137
21494139,행정,"20년 3분기 민간위탁 사무 수탁기관 업무추진비 공개 _서울생활문화센터 낙원",김민우,문화정책과,20201030181923,"행정ㆍ기타>민간위탁>민간위탁 현황>민간위탁사무 수탁기관 업무추진비 집행내역",02-2133-2542,"CC BY-NC-ND",https://opengov.seoul.go.kr/public/21494139
